{"\u003chttp://dbpedia.org/property/location\u003e":[0,18337133],"\u003chttp://dbpedia.org/property/country\u003e":[18337134,18337041],"\u003chttp://dbpedia.org/property/othernames\u003e":[36674176,18336923],"\u003chttp://dbpedia.org/property/imgw\u003e":[55011100,17638214],"\u003chttp://www.w3.org/2002/07/owl#sameas\u003e":[72649315,18337305],"\u003chttp://dbpedia.org/ontology/lunarcrater/diameter\u003e":[90986621,17950418],"\u003chttp://dbpedia.org/ontology/knownfor\u003e":[108937040,18336943],"\u003chttp://dbpedia.org/ontology/meanoftransportation/length\u003e":[127273984,18336191],"\u003chttp://dbpedia.org/property/imagemap\u003e":[145610176,18337025],"\u003chttp://dbpedia.org/ontology/lake/shorelength\u003e":[163947202,18322364],"\u003chttp://dbpedia.org/ontology/retiredrocket\u003e":[182269567,18245562],"\u003chttp://dbpedia.org/property/genre\u003e":[200515130,18336806],"\u003chttp://xmlns.com/foaf/0.1/homepage\u003e":[218851937,18337251],"\u003chttp://dbpedia.org/property/longew\u003e":[237189189,18090666],"\u003chttp://dbpedia.org/ontology/planet/volume\u003e":[255279856,17984988],"\u003chttp://dbpedia.org/ontology/episodenumber\u003e":[273264845,16735979],"\u003chttp://www.w3.org/2003/01/geo/wgs84_pos#lat\u003e":[290000825,18337247],"\u003chttp://dbpedia.org/property/owner\u003e":[308338073,18337221],"\u003chttp://dbpedia.org/ontology/plant\u003e":[326675295,18117609],"\u003chttp://dbpedia.org/ontology/valvetrain\u003e":[344792905,16224341],"\u003chttp://dbpedia.org/property/formerteams\u003e":[361017247,18336131],"\u003chttp://dbpedia.org/ontology/automobileengine/height\u003e":[379353379,15100201],"\u003chttp://dbpedia.org/ontology/openingfilm\u003e":[394453581,18248130],"\u003chttp://dbpedia.org/ontology/ispartofanatomicalstructure\u003e":[412701712,17919677],"\u003chttp://dbpedia.org/ontology/lake/volume\u003e":[430621390,18308645],"\u003chttp://dbpedia.org/ontology/author\u003e":[448930036,18337183],"\u003chttp://dbpedia.org/property/revenue\u003e":[467267220,18334401],"\u003chttp://dbpedia.org/property/populationtotal\u003e":[485601622,18337249],"\u003chttp://dbpedia.org/ontology/canal/maximumboatbeam\u003e":[503938872,18130568],"\u003chttp://dbpedia.org/ontology/planet/mass\u003e":[522069441,18064193],"\u003chttp://xmlns.com/foaf/0.1/surname\u003e":[540133635,18337251],"\u003chttp://dbpedia.org/ontology/administrativecollectivity\u003e":[558470887,18226397],"\u003chttp://dbpedia.org/property/settlementtype\u003e":[576697285,18336156],"\u003chttp://dbpedia.org/property/reign\u003e":[595033442,18329228],"\u003chttp://dbpedia.org/ontology/automobileengine/torqueoutput\u003e":[613362671,17859082],"\u003chttp://dbpedia.org/property/yearsactive\u003e":[631221754,18330533],"\u003chttp://dbpedia.org/ontology/spacecraft/port1dockedtime\u003e":[649552288,11950068],"\u003chttp://dbpedia.org/property/capital\u003e":[661502357,18334246],"\u003chttp://dbpedia.org/property/settlemanttype\u003e":[679836604,8038026],"\u003chttp://dbpedia.org/ontology/director\u003e":[687874631,18336051],"\u003chttp://dbpedia.org/ontology/whadraftteam\u003e":[706210683,18329755],"\u003chttp://dbpedia.org/ontology/imdbid\u003e":[724540439,17125223],"\u003chttp://dbpedia.org/ontology/thumbnail\u003e":[741665663,18337303],"\u003chttp://dbpedia.org/ontology/spacecraft/periapsis\u003e":[760002967,14832434],"\u003chttp://dbpedia.org/property/founded\u003e":[774835402,18332378],"\u003chttp://dbpedia.org/ontology/spacemission/stationvisitduration\u003e":[793167781,17072502],"\u003chttp://dbpedia.org/property/party\u003e":[810240284,18336298],"\u003chttp://dbpedia.org/ontology/nationality\u003e":[828576583,18337019],"\u003chttp://dbpedia.org/ontology/region\u003e":[846913603,18336698],"\u003chttp://dbpedia.org/ontology/developer\u003e":[865250302,18335588],"\u003chttp://www.w3.org/2004/02/skos/core#broader\u003e":[883585891,18337251],"\u003chttp://dbpedia.org/ontology/album\u003e":[901923143,18336815],"\u003chttp://dbpedia.org/property/manufacturer\u003e":[920259959,18336580],"\u003chttp://dbpedia.org/ontology/work/runtime\u003e":[938596540,18337068],"\u003chttp://www.w3.org/1999/02/22-rdf-syntax-ns#type\u003e":[956933609,18313878],"\u003chttp://dbpedia.org/property/author\u003e":[975247488,18337183],"\u003chttp://dbpedia.org/ontology/supplies\u003e":[993584672,18213795],"\u003chttp://dbpedia.org/ontology/spacemission/stationevaduration\u003e":[1011798468,15969246],"\u003chttp://dbpedia.org/ontology/brand\u003e":[1027767715,17461167],"\u003chttp://dbpedia.org/ontology/foundationplace\u003e":[1045228883,18332225],"\u003chttp://dbpedia.org/property/subdivisionname\u003e":[1063561109,18337145],"\u003chttp://dbpedia.org/ontology/planet/periapsis\u003e":[1081898255,18335835],"\u003chttp://dbpedia.org/ontology/populationtotal\u003e":[1100234091,18337249],"\u003chttp://dbpedia.org/ontology/planet/density\u003e":[1118571341,18317507],"\u003chttp://dbpedia.org/ontology/governmentposition\u003e":[1136888849,18323376],"\u003chttp://dbpedia.org/ontology/stream/dischargeaverage\u003e":[1155212226,18071271],"\u003chttp://dbpedia.org/ontology/mouthposition\u003e":[1173283498,18336180],"\u003chttp://dbpedia.org/property/teams\u003e":[1191619679,18336953],"\u003chttp://dbpedia.org/ontology/weapon/diameter\u003e":[1209956633,18310756],"\u003chttp://dbpedia.org/property/latns\u003e":[1228267390,16600089],"\u003chttp://dbpedia.org/property/wikipageusestemplate\u003e":[1244867480,18337265],"\u003chttp://dbpedia.org/property/cover\u003e":[1263204746,18337091],"\u003chttp://dbpedia.org/ontology/restingplaceposition\u003e":[1281541838,18282476],"\u003chttp://dbpedia.org/property/fromalbum\u003e":[1299824315,18336541],"\u003chttp://dbpedia.org/property/locationtown\u003e":[1318160857,18323054],"\u003chttp://dbpedia.org/property/caption\u003e":[1336483912,18337282],"\u003chttp://xmlns.com/foaf/0.1/primarytopic\u003e":[1354821195,18337303],"\u003chttp://dbpedia.org/ontology/type\u003e":[1373158499,18336997],"\u003chttp://dbpedia.org/property/latm\u003e":[1391495497,18287302],"\u003chttp://dbpedia.org/ontology/person/weight\u003e":[1409782800,18325210],"\u003chttp://www.w3.org/2004/02/skos/core#preflabel\u003e":[1428108011,18337302],"\u003chttp://dbpedia.org/ontology/birthdate\u003e":[1446445314,18336663],"\u003chttp://www.w3.org/2000/01/rdf-schema#comment\u003e":[1464781978,18337302],"\u003chttp://dbpedia.org/ontology/planet/temperature\u003e":[1483119281,16831741],"\u003chttp://dbpedia.org/ontology/country\u003e":[1499951023,18337042],"\u003chttp://dbpedia.org/ontology/fueltype\u003e":[1518288066,15428370],"\u003chttp://xmlns.com/foaf/0.1/depiction\u003e":[1533716437,18337301],"\u003chttp://dbpedia.org/ontology/spaceshuttle/distance\u003e":[1552053739,17208486],"\u003chttp://www.w3.org/2000/01/rdf-schema#label\u003e":[1569262226,18337303],"\u003chttp://dbpedia.org/ontology/automobileengine/length\u003e":[1587599530,16340558],"\u003chttp://dbpedia.org/ontology/parent\u003e":[1603940089,18336415],"\u003chttp://xmlns.com/foaf/0.1/page\u003e":[1622276505,16035530],"\u003chttp://dbpedia.org/property/population\u003e":[1638312036,18336891],"\u003chttp://dbpedia.org/property/symbol\u003e":[1656648928,18330863],"\u003chttp://dbpedia.org/property/companyname\u003e":[1674979792,18337077],"\u003chttp://dbpedia.org/property/longs\u003e":[1693316870,18331282],"\u003chttp://dbpedia.org/ontology/comparable\u003e":[1711648153,17884288],"\u003chttp://dbpedia.org/ontology/automobileengine/pistonstroke\u003e":[1729532442,17839897],"\u003chttp://dbpedia.org/ontology/riverbranch\u003e":[1747372340,17823562],"\u003chttp://dbpedia.org/ontology/planet/maximumtemperature\u003e":[1765195903,17197550],"\u003chttp://dbpedia.org/property/extension\u003e":[1782393454,18299441],"\u003chttp://dbpedia.org/ontology/wikipageredirects\u003e":[1800692896,18337303],"\u003chttp://dbpedia.org/property/areatotalkm\u003e":[1819030200,18336775],"\u003chttp://dbpedia.org/ontology/canal/originalmaximumboatlength\u003e":[1837366976,14319376],"\u003chttp://dbpedia.org/property/artist\u003e":[1851686353,18336914],"\u003chttp://dbpedia.org/property/father\u003e":[1870023268,18336527],"\u003chttp://dbpedia.org/property/denomination\u003e":[1888359796,18314777],"\u003chttp://dbpedia.org/property/typecode\u003e":[1906674574,17992574],"\u003chttp://dbpedia.org/ontology/spacemission/cmpevaduration\u003e":[1924667149,13986174],"\u003chttp://dbpedia.org/ontology/grandprix/course\u003e":[1938653324,18216932],"\u003chttp://dbpedia.org/ontology/spaceshuttle/timeinspace\u003e":[1956870257,17983576],"\u003chttp://dbpedia.org/ontology/areawater\u003e":[1974853834,18336240],"\u003chttp://dbpedia.org/ontology/configuration\u003e":[1993190075,18107016],"\u003chttp://dbpedia.org/ontology/sourceconfluenceposition\u003e":[2011297092,18163458],"\u003chttp://dbpedia.org/ontology/spacemission/missionduration\u003e":[2029460551,17515904],"\u003chttp://dbpedia.org/ontology/crew\u003e":[2046976456,18096134],"\u003chttp://dbpedia.org/ontology/fastestdriverteam\u003e":[2065072591,18303944],"\u003chttp://www.w3.org/2003/01/geo/wgs84_pos#long\u003e":[2083376536,18337218],"\u003chttp://dbpedia.org/property/standard\u003e":[2101713755,18137913],"\u003chttp://dbpedia.org/property/numemployees\u003e":[2119851669,18336227],"\u003chttp://dbpedia.org/property/parents\u003e":[2138187897,18337293],"\u003chttp://dbpedia.org/ontology/sourceconfluencestate\u003e":[2156525191,17861662],"\u003chttp://dbpedia.org/property/isocode\u003e":[2174386854,17998843],"\u003chttp://dbpedia.org/ontology/ispartof\u003e":[2192385698,18337145],"\u003chttp://dbpedia.org/property/subdivisiontype\u003e":[2210722844,18337013],"\u003chttp://dbpedia.org/ontology/meanoftransportation/diameter\u003e":[2229059858,16273410],"\u003chttp://dbpedia.org/property/mother\u003e":[2245333269,18336415],"\u003chttp://dbpedia.org/property/clubs\u003e":[2263669685,18336529],"\u003chttp://dbpedia.org/property/isoregion\u003e":[2282006215,18181981],"\u003chttp://dbpedia.org/property/imgcapt\u003e":[2300188197,18311013],"\u003chttp://dbpedia.org/ontology/canal/maximumboatlength\u003e":[2318499211,18075914],"\u003chttp://dbpedia.org/ontology/timezone\u003e":[2336575126,18312029],"\u003chttp://dbpedia.org/property/deathdate\u003e":[2354887156,18335740],"\u003chttp://dbpedia.org/property/name\u003e":[2373222897,18337293],"\u003chttp://dbpedia.org/property/abstract\u003e":[2391560191,5435836],"\u003chttp://dbpedia.org/ontology/meanoftransportation/mass\u003e":[2396996028,18331395],"\u003chttp://dbpedia.org/ontology/spacecraft/dockedtime\u003e":[2415327424,17968792],"\u003chttp://dbpedia.org/ontology/planet/surfacearea\u003e":[2433296217,17902060],"\u003chttp://dbpedia.org/ontology/populatedplace/populationurbandensity\u003e":[2451198278,17996825],"\u003chttp://dbpedia.org/ontology/foundingdate\u003e":[2469195104,18333725],"\u003chttp://dbpedia.org/ontology/targetspacestation\u003e":[2487528830,16127614],"\u003chttp://dbpedia.org/ontology/keyperson\u003e":[2503656445,18336007],"\u003chttp://dbpedia.org/property/longd\u003e":[2521992453,18337170],"\u003chttp://dbpedia.org/property/nativebuildingname\u003e":[2540329624,16304960],"\u003chttp://xmlns.com/foaf/0.1/name\u003e":[2556634585,18337293],"\u003chttp://dbpedia.org/property/countryofbirth\u003e":[2574971879,17901540],"\u003chttp://dbpedia.org/ontology/utcoffset\u003e":[2592873420,18314949],"\u003chttp://dbpedia.org/ontology/leadername\u003e":[2611188370,18336933],"\u003chttp://dbpedia.org/ontology/spacemission/lunarsamplemass\u003e":[2629525304,13215696],"\u003chttp://dbpedia.org/property/director\u003e":[2642741001,18336928],"\u003chttp://dbpedia.org/ontology/elevation\u003e":[2661077930,18337202],"\u003chttp://dbpedia.org/property/shortdescription\u003e":[2679415133,18337215],"\u003chttp://dbpedia.org/ontology/populatedplace/areaurban\u003e":[2697752349,18316420],"\u003chttp://dbpedia.org/ontology/established\u003e":[2716068770,18312342],"\u003chttp://dbpedia.org/property/producer\u003e":[2734381113,18336862],"\u003chttp://dbpedia.org/property/almamater\u003e":[2752717976,18336277],"\u003chttp://dbpedia.org/property/publisher\u003e":[2771054254,18336477],"\u003chttp://dbpedia.org/ontology/releasedate\u003e":[2789390732,18332361],"\u003chttp://dbpedia.org/ontology/stream/discharge\u003e":[2807723094,18330326],"\u003chttp://dbpedia.org/ontology/software/filesize\u003e":[2826053421,18300099],"\u003chttp://dbpedia.org/ontology/place\u003e":[2844353521,18336894],"\u003chttp://dbpedia.org/ontology/birthplace\u003e":[2862690416,18337107],"\u003chttp://dbpedia.org/ontology/influenced\u003e":[2881027524,18332803],"\u003chttp://dbpedia.org/ontology/school/campussize\u003e":[2899360328,18253733],"\u003chttp://dbpedia.org/property/after\u003e":[2917614062,18337277],"\u003chttp://dbpedia.org/ontology/meanoftransportation/weight\u003e":[2935951340,18330943],"\u003chttp://dbpedia.org/ontology/populatedplace/populationmetrodensity\u003e":[2954282284,18312107],"\u003chttp://dbpedia.org/ontology/borough\u003e":[2972594392,18097199],"\u003chttp://dbpedia.org/property/officialname\u003e":[2990691592,18337109],"\u003chttp://dbpedia.org/ontology/stream/minimumdischarge\u003e":[3009028702,18309793],"\u003chttp://dbpedia.org/ontology/automobileengine/width\u003e":[3027338496,11336923],"\u003chttp://dbpedia.org/ontology/planet/averagespeed\u003e":[3038675420,18282899],"\u003chttp://dbpedia.org/ontology/firstrace\u003e":[3056958320,18276303],"\u003chttp://dbpedia.org/ontology/spacemission/lunarsurfacetime\u003e":[3075234624,13896328],"\u003chttp://dbpedia.org/ontology/team\u003e":[3089130953,18337047],"\u003chttp://dbpedia.org/property/website\u003e":[3107468001,18337174],"\u003chttp://dbpedia.org/ontology/populatedplace/populationdensity\u003e":[3125805176,18336755],"\u003chttp://dbpedia.org/ontology/spacecraft/apoapsis\u003e":[3144141932,16200898],"\u003chttp://dbpedia.org/ontology/automobileengine/poweroutput\u003e":[3160342831,18194503],"\u003chttp://dbpedia.org/ontology/spacemission/distancetraveled\u003e":[3178537335,17366380],"\u003chttp://dbpedia.org/ontology/automobileengine/cylinderbore\u003e":[3195903716,17898643],"\u003chttp://dbpedia.org/property/populationasof\u003e":[3213802360,18331226],"\u003chttp://dbpedia.org/ontology/wikipageexternallink\u003e":[3232133587,18337295],"\u003chttp://dbpedia.org/ontology/person/height\u003e":[3250470883,18334885],"\u003chttp://dbpedia.org/property/formerclubs\u003e":[3268805769,8539484],"\u003chttp://dbpedia.org/ontology/profession\u003e":[3277345254,18333521],"\u003chttp://dbpedia.org/ontology/higheststate\u003e":[3295678776,18292756],"\u003chttp://dbpedia.org/ontology/populationdensity\u003e":[3313971533,18336754],"\u003chttp://dbpedia.org/property/released\u003e":[3332308288,18336597],"\u003chttp://dbpedia.org/ontology/deathplace\u003e":[3350644886,18337106],"\u003chttp://dbpedia.org/property/locationcity\u003e":[3368981993,18336123],"\u003chttp://dbpedia.org/ontology/infrastructure/length\u003e":[3387318117,18332273],"\u003chttp://dbpedia.org/property/airdate\u003e":[3405650391,18321523],"\u003chttp://xmlns.com/foaf/0.1/givenname\u003e":[3423971915,18337282],"\u003chttp://dbpedia.org/property/utcoffset\u003e":[3442309198,18314950],"\u003chttp://dbpedia.org/property/successor\u003e":[3460624149,18336889],"\u003chttp://dbpedia.org/property/museum\u003e":[3478961039,18329425],"\u003chttp://dbpedia.org/property/timezone\u003e":[3497290465,18312030],"\u003chttp://dbpedia.org/ontology/automobile/fuelcapacity\u003e":[3515602496,14462080],"\u003chttp://dbpedia.org/ontology/location\u003e":[3530064577,18337038],"\u003chttp://dbpedia.org/ontology/weapon/weight\u003e":[3548401616,18332768],"\u003chttp://dbpedia.org/ontology/formerhighschool\u003e":[3566734385,17330128],"\u003chttp://dbpedia.org/ontology/architect\u003e":[3584064514,18336267],"\u003chttp://xmlns.com/foaf/0.1/isprimarytopicof\u003e":[3602400782,18337303],"\u003chttp://dbpedia.org/ontology/planet/meanradius\u003e":[3620738086,16874242],"\u003chttp://dbpedia.org/property/areacode\u003e":[3637612329,18333943],"\u003chttp://dbpedia.org/ontology/spacemission/mass\u003e":[3655946273,14255770],"\u003chttp://dbpedia.org/ontology/border\u003e":[3670202044,18251558],"\u003chttp://dbpedia.org/ontology/training\u003e":[3688453603,18324102],"\u003chttp://dbpedia.org/property/city\u003e":[3706777706,18337060],"\u003chttp://dbpedia.org/ontology/grandprix/distance\u003e":[3725114767,18319096],"\u003chttp://dbpedia.org/property/hasphotocollection\u003e":[3743433864,18337301],"\u003chttp://dbpedia.org/property/blackboard\u003e":[3761771166,18317371],"\u003chttp://dbpedia.org/property/siblings\u003e":[3780088538,18337292],"\u003chttp://dbpedia.org/ontology/aircrafthelicoptercargo\u003e":[3798425831,17653346],"\u003chttp://dbpedia.org/ontology/spacemission/lunarevatime\u003e":[3816079178,14446157],"\u003chttp://dbpedia.org/property/latestreleaseversion\u003e":[3830525336,18320423],"\u003chttp://dbpedia.org/property/mime\u003e":[3848845760,18264673],"\u003chttp://dbpedia.org/property/officiallanguages\u003e":[3867110434,18121063],"\u003chttp://dbpedia.org/ontology/name\u003e":[3885231498,18093685],"\u003chttp://dbpedia.org/ontology/building/floorarea\u003e":[3903325184,18330256],"\u003chttp://dbpedia.org/property/dateofbirth\u003e":[3921655441,18333948],"\u003chttp://dbpedia.org/property/firstdate\u003e":[3939989390,18311425],"\u003chttp://dbpedia.org/ontology/automobileengine/displacement\u003e":[3958300816,18304733],"\u003chttp://dbpedia.org/property/keypeople\u003e":[3976605550,18337105],"\u003chttp://dbpedia.org/ontology/rocket/lowerearthorbitpayload\u003e":[3994942656,18058730],"\u003chttp://dbpedia.org/ontology/areacode\u003e":[4013001387,18336230],"\u003chttp://dbpedia.org/ontology/spacecraft/port2dockedtime\u003e":[4031337618,8913308],"\u003chttp://dbpedia.org/ontology/automobile/wheelbase\u003e":[4040250927,18334641],"\u003chttp://dbpedia.org/property/spouse\u003e":[4058585569,18337292],"\u003chttp://dbpedia.org/property/reference\u003e":[4076922862,18327926],"\u003chttp://www.w3.org/2004/02/skos/core#subject\u003e":[4095250789,18337063],"\u003chttp://dbpedia.org/property/dateofdeath\u003e":[4113587853,18336663],"\u003chttp://dbpedia.org/property/releasedate\u003e":[4131924517,18323020],"\u003chttp://dbpedia.org/ontology/administrativedistrict\u003e":[4150247538,18288974],"\u003chttp://dbpedia.org/ontology/planet/minimumtemperature\u003e":[4168536513,17418054],"\u003chttp://dbpedia.org/ontology/automobileengine/weight\u003e":[4185954568,15240896],"\u003chttp://dbpedia.org/property/established\u003e":[4201195465,18332490],"\u003chttp://dbpedia.org/property/latd\u003e":[4219527956,18336930],"\u003chttp://dbpedia.org/property/birthplace\u003e":[4237864887,18337069],"\u003chttp://dbpedia.org/property/godof\u003e":[4256201957,18258561],"\u003chttp://dbpedia.org/property/redirect\u003e":[4274460519,8577844],"\u003chttp://dbpedia.org/ontology/populatedplace/area\u003e":[4283038364,18334226],"\u003chttp://dbpedia.org/ontology/musicalband\u003e":[4301372591,18336408],"\u003chttp://dbpedia.org/property/currency\u003e":[4319709000,18335614],"\u003chttp://dbpedia.org/ontology/weapon/length\u003e":[4338044615,18333302],"\u003chttp://purl.org/dc/terms/subject\u003e":[4356377918,18337303],"\u003chttp://dbpedia.org/ontology/birthname\u003e":[4374715222,18337033],"\u003chttp://dbpedia.org/property/homepage\u003e":[4393052256,18336999],"\u003chttp://dbpedia.org/ontology/populatedplace/areametro\u003e":[4411389256,18320278],"\u003chttp://dbpedia.org/property/industry\u003e":[4429709535,18336738],"\u003chttp://dbpedia.org/ontology/abstract\u003e":[4448046274,18337303],"\u003chttp://dbpedia.org/property/abbreviation\u003e":[4466383578,18335920],"\u003chttp://dbpedia.org/ontology/rocket/mass\u003e":[4484719499,18300764],"\u003chttp://dbpedia.org/property/placeofbirth\u003e":[4503020264,18337183],"\u003chttp://dbpedia.org/property/imdbid\u003e":[4521357448,18291892],"\u003chttp://dbpedia.org/ontology/capitalregion\u003e":[4539649341,14387189],"\u003chttp://dbpedia.org/ontology/capitalposition\u003e":[4554036531,18137827],"\u003chttp://dbpedia.org/ontology/meanoftransportation/width\u003e":[4572174359,18332647],"\u003chttp://dbpedia.org/property/alternativenames\u003e":[4590507007,18337205],"\u003chttp://dbpedia.org/ontology/spacemission/lunarorbittime\u003e":[4608844213,14436240],"\u003chttp://dbpedia.org/ontology/astronaut/timeinspace\u003e":[4623280454,18326617],"\u003chttp://dbpedia.org/ontology/locationcity\u003e":[4641607072,18332107],"\u003chttp://dbpedia.org/property/lats\u003e":[4659939180,18327847],"\u003chttp://dbpedia.org/ontology/genre\u003e":[4678267028,18336690],"\u003chttp://dbpedia.org/ontology/artist\u003e":[4696603719,18336913],"\u003chttp://dbpedia.org/ontology/arealand\u003e":[4714940633,18336831],"\u003chttp://dbpedia.org/property/team\u003e":[4733277465,18336951],"\u003chttp://dbpedia.org/ontology/spacecraft/freeflighttime\u003e":[4751614417,12677934],"\u003chttp://dbpedia.org/ontology/meanoftransportation/height\u003e":[4764292352,18334872],"\u003chttp://dbpedia.org/property/years\u003e":[4782627225,18336652],"\u003chttp://dbpedia.org/property/associatedbands\u003e":[4800963878,7431955],"\u003chttp://dbpedia.org/ontology/lake/areaofcatchment\u003e":[4808395834,18326987],"\u003chttp://dbpedia.org/ontology/casnumber\u003e":[4826722822,18334418],"\u003chttp://dbpedia.org/property/longm\u003e":[4845057241,18285314],"\u003chttp://dbpedia.org/ontology/producer\u003e":[4863342556,18336505],"\u003chttp://dbpedia.org/ontology/occupation\u003e":[4881679062,18337252],"\u003chttp://www.georss.org/georss/point\u003e":[4900016315,18337268],"\u003chttp://dbpedia.org/ontology/canal/originalmaximumboatbeam\u003e":[4918353584,15664527],"\u003chttp://dbpedia.org/ontology/deathdate\u003e":[4934018112,18336664],"\u003chttp://dbpedia.org/property/currentclub\u003e":[4952354777,18334907],"\u003chttp://dbpedia.org/property/deathplace\u003e":[4970689685,18337178],"\u003chttp://dbpedia.org/ontology/starring\u003e":[4989026864,18336573],"\u003chttp://dbpedia.org/ontology/title\u003e":[5007363438,18336967],"\u003chttp://dbpedia.org/ontology/distributor\u003e":[5025700406,18336595],"\u003chttp://dbpedia.org/ontology/weapon/height\u003e":[5044037002,18324989],"\u003chttp://dbpedia.org/ontology/musicalartist\u003e":[5062361992,18336408],"\u003chttp://dbpedia.org/ontology/planet/meantemperature\u003e":[5080698401,17476400],"\u003chttp://dbpedia.org/property/aka\u003e":[5098174802,18335815],"\u003chttp://dbpedia.org/property/patronage\u003e":[5116510618,18300352],"\u003chttp://dbpedia.org/ontology/almamater\u003e":[5134810971,18335808],"\u003chttp://dbpedia.org/property/mapcaption\u003e":[5153146780,18336948],"\u003chttp://dbpedia.org/property/before\u003e":[5171483729,18337278],"\u003chttp://dbpedia.org/ontology/planet/orbitalperiod\u003e":[5189821008,18336703],"\u003chttp://dbpedia.org/ontology/stream/maximumdischarge\u003e":[5208157712,18312803],"\u003chttp://dbpedia.org/ontology/spacestation/volume\u003e":[5226470516,16650998],"\u003chttp://dbpedia.org/ontology/party\u003e":[5243121515,18334588],"\u003chttp://dbpedia.org/property/placeofburial\u003e":[5261456104,18335831],"\u003chttp://dbpedia.org/ontology/mayor\u003e":[5279791936,18331001],"\u003chttp://dbpedia.org/ontology/weapon/width\u003e":[5298122938,18281811],"\u003chttp://dbpedia.org/ontology/areatotal\u003e":[5316404750,18336306],"\u003chttp://dbpedia.org/ontology/planet/apoapsis\u003e":[5334741057,18336477],"\u003chttp://dbpedia.org/ontology/city\u003e":[5353077535,18337008],"\u003chttp://dbpedia.org/ontology/populatedplace/areatotal\u003e":[5371414544,18336819],"\u003chttp://dbpedia.org/ontology/stream/watershed\u003e":[5389751364,18335674],"\u003chttp://dbpedia.org/ontology/wikipagedisambiguates\u003e":[5408087039,18337297]}